Date,USD,EUR,BRL,INR,RUB,MXN,ZAR,CAD,CNY,JPY,SGD,EUR Change,BRL Change,INR Change,RUB Change,MXN Change,ZAR Change,CAD Change,CNY Change,JPY Change,SGD Change
01 Sep 2020,1,0.8342,5.4331,72.9194,73.5358,21.7134,16.6396,1.3014,6.819,105.8814,1.3576,0,0,0,0,0,0,0,0,0,0
31 Aug 2020,1,0.8375,5.422,73.2567,73.9525,21.825,16.716,1.3066,6.8435,105.9213,1.3597,0.0033,-0.0111,0.3373,0.4167,0.1116,0.0764,0.0052,0.0245,0.0399,0.0021
30 Aug 2020,1,0.8393,5.5063,73.1956,74.381,21.8791,16.6873,1.3053,6.861,105.2371,1.3592,0.0018,0.0843,-0.0611,0.4285,0.0541,-0.0287,-0.0013,0.0175,-0.6842,-0.0005
29 Aug 2020,1,0.8393,5.5063,73.1956,74.381,21.8791,16.6873,1.3053,6.861,105.2371,1.3592,0,0,0,0,0,0,0,0,0,0
28 Aug 2020,1,0.8393,5.5063,73.1956,74.381,21.8791,16.6873,1.3053,6.861,105.2371,1.3592,0,0,0,0,0,0,0,0,0,0
27 Aug 2020,1,0.847,5.5912,73.9162,75.0805,21.9554,16.9638,1.3147,6.8883,106.1664,1.3661,0.0077,0.0849,0.7206,0.6995,0.0763,0.2765,0.0094,0.0273,0.9293,0.0069
26 Aug 2020,1,0.8482,5.5405,74.3176,75.7968,21.9484,16.795,1.3184,6.893,106.3195,1.3682,0.0012,-0.0507,0.4014,0.7163,-0.007,-0.1688,0.0037,0.0047,0.1531,0.0021
25 Aug 2020,1,0.8465,5.5747,74.2479,74.7926,21.904,16.7669,1.3202,6.9131,106.3738,1.3687,-0.0017,0.0342,-0.0697,-1.0042,-0.0444,-0.0281,0.0018,0.0201,0.0543,0.0005
24 Aug 2020,1,0.8441,5.5661,74.088,74.2783,21.888,16.9333,1.3146,6.9129,105.7314,1.3677,-0.0024,-0.0086,-0.1599,-0.5143,-0.016,0.1664,-0.0056,-0.0002,-0.6424,-0.001
23 Aug 2020,1,0.8497,5.6001,74.9409,74.5475,22.148,17.2467,1.3224,6.9235,105.8119,1.3706,0.0056,0.034,0.8529,0.2692,0.26,0.3134,0.0078,0.0106,0.0805,0.0029
22 Aug 2020,1,0.8497,5.6001,74.9409,74.5475,22.148,17.2467,1.3224,6.9235,105.8119,1.3706,0,0,0,0,0,0,0,0,0,0
21 Aug 2020,1,0.8497,5.6001,74.9409,74.5475,22.148,17.2467,1.3224,6.9235,105.8119,1.3706,0,0,0,0,0,0,0,0,0,0
20 Aug 2020,1,0.8439,5.6079,75.0987,73.9494,22.2542,17.2267,1.321,6.9186,105.8734,1.3688,-0.0058,0.0078,0.1578,-0.5981,0.1062,-0.02,-0.0014,-0.0049,0.0615,-0.0018
19 Aug 2020,1,0.838,5.4567,74.8479,73.3852,22.1093,17.1946,1.3147,6.9113,105.3717,1.3641,-0.0059,-0.1512,-0.2508,-0.5642,-0.1449,-0.0321,-0.0063,-0.0073,-0.5017,-0.0047
18 Aug 2020,1,0.8399,5.4408,74.6506,73.117,22.0583,17.3988,1.3163,6.9215,105.4426,1.3649,0.0019,-0.0159,-0.1973,-0.2682,-0.051,0.2042,0.0016,0.0102,0.0709,0.0008
17 Aug 2020,1,0.8437,5.4135,74.8245,73.5257,22.0133,17.444,1.3232,6.9402,106.2938,1.3699,0.0038,-0.0273,0.1739,0.4087,-0.045,0.0452,0.0069,0.0187,0.8512,0.005
16 Aug 2020,1,0.8465,5.3966,74.8904,73.2964,22.1812,17.4487,1.3247,6.95,106.6706,1.3721,0.0028,-0.0169,0.0659,-0.2293,0.1679,0.0047,0.0015,0.0098,0.3768,0.0022
15 Aug 2020,1,0.8465,5.3966,74.8904,73.2964,22.1812,17.4487,1.3247,6.95,106.6706,1.3721,0,0,0,0,0,0,0,0,0,0
14 Aug 2020,1,0.8465,5.3966,74.8904,73.2964,22.1812,17.4487,1.3247,6.95,106.6706,1.3721,0,0,0,0,0,0,0,0,0,0
13 Aug 2020,1,0.8451,5.3888,74.8449,73.6761,22.3419,17.4432,1.3215,6.9456,106.972,1.3717,-0.0014,-0.0078,-0.0455,0.3797,0.1607,-0.0055,-0.0032,-0.0044,0.3014,-0.0004
12 Aug 2020,1,0.8495,5.4186,74.8033,73.3169,22.3754,17.4239,1.329,6.9457,106.9748,1.3734,0.0044,0.0298,-0.0416,-0.3592,0.0335,-0.0193,0.0075,0.0001,0.0028,0.0017
11 Aug 2020,1,0.8487,5.4373,74.5667,72.7199,22.3227,17.5051,1.3287,6.947,106.0596,1.371,-0.0008,0.0187,-0.2366,-0.597,-0.0527,0.0812,-0.0003,0.0013,-0.9152,-0.0024
10 Aug 2020,1,0.8501,5.415,74.9065,73.6338,22.3622,17.721,1.338,6.9713,106.0444,1.3736,0.0014,-0.0223,0.3398,0.9139,0.0395,0.2159,0.0093,0.0243,-0.0152,0.0026
09 Aug 2020,1,0.8462,5.3545,75.0047,73.6018,22.4361,17.5244,1.3345,6.9593,105.7036,1.3712,-0.0039,-0.0605,0.0982,-0.032,0.0739,-0.1966,-0.0035,-0.012,-0.3408,-0.0024
08 Aug 2020,1,0.8462,5.3545,75.0047,73.6018,22.4361,17.5244,1.3345,6.9593,105.7036,1.3712,0,0,0,0,0,0,0,0,0,0
07 Aug 2020,1,0.8462,5.3545,75.0047,73.6018,22.4361,17.5244,1.3345,6.9593,105.7036,1.3712,0,0,0,0,0,0,0,0,0,0
06 Aug 2020,1,0.8444,5.3483,74.9514,73.4038,22.4732,17.534,1.3297,6.9514,105.5138,1.3709,-0.0018,-0.0062,-0.0533,-0.198,0.0371,0.0096,-0.0048,-0.0079,-0.1898,-0.0003
05 Aug 2020,1,0.8436,5.2565,74.8347,72.8608,22.5346,17.228,1.3247,6.9409,105.7618,1.369,-0.0008,-0.0918,-0.1167,-0.543,0.0614,-0.306,-0.005,-0.0105,0.248,-0.0019
04 Aug 2020,1,0.85,5.333,75.1215,73.7165,22.7285,17.4143,1.3407,6.9832,106.0603,1.3765,0.0064,0.0765,0.2868,0.8557,0.1939,0.1863,0.016,0.0423,0.2985,0.0075
03 Aug 2020,1,0.8528,5.2341,75.2008,73.8545,22.4024,17.2929,1.3436,6.9845,106.1828,1.377,0.0028,-0.0989,0.0793,0.138,-0.3261,-0.1214,0.0029,0.0013,0.1225,0.0005
02 Aug 2020,1,0.844,5.167,74.8105,74.0125,22.1793,16.9615,1.3418,6.9748,104.9207,1.3711,-0.0088,-0.0671,-0.3903,0.158,-0.2231,-0.3314,-0.0018,-0.0097,-1.2621,-0.0059
01 Aug 2020,1,0.844,5.167,74.8105,74.0125,22.1793,16.9615,1.3418,6.9748,104.9207,1.3711,0,0,0,0,0,0,0,0,0,0
31 Jul 2020,1,0.844,5.167,74.8105,74.0125,22.1793,16.9615,1.3418,6.9748,104.9207,1.3711,0,0,0,0,0,0,0,0,0,0
30 Jul 2020,1,0.8516,5.2107,74.8872,73.7659,22.1495,16.7819,1.343,7.0033,105.2372,1.3762,0.0076,0.0437,0.0767,-0.2466,-0.0298,-0.1796,0.0012,0.0285,0.3165,0.0051
29 Jul 2020,1,0.8529,5.13,74.7923,72.42,21.8601,16.4835,1.336,6.9993,105.1429,1.3767,0.0013,-0.0807,-0.0949,-1.3459,-0.2894,-0.2984,-0.007,-0.004,-0.0943,0.0005
28 Jul 2020,1,0.8535,5.1762,74.8605,72.4087,22.0567,16.584,1.3393,7.0019,105.2659,1.3799,0.0006,0.0462,0.0682,-0.0113,0.1966,0.1005,0.0033,0.0026,0.123,0.0032
27 Jul 2020,1,0.8503,5.1802,74.7321,71.4866,22.1159,16.4439,1.3375,7.002,105.3401,1.3789,-0.0032,0.004,-0.1284,-0.9221,0.0592,-0.1401,-0.0018,1E-04,0.0742,-0.001
26 Jul 2020,1,0.8615,5.2358,74.8329,71.8417,22.4676,16.7428,1.342,7.017,106.2715,1.3855,0.0112,0.0556,0.1008,0.3551,0.3517,0.2989,0.0045,0.015,0.9314,0.0066
25 Jul 2020,1,0.8615,5.2358,74.8329,71.8417,22.4676,16.7428,1.342,7.017,106.2715,1.3855,0,0,0,0,0,0,0,0,0,0
24 Jul 2020,1,0.8615,5.2358,74.8329,71.8417,22.4676,16.7428,1.342,7.017,106.2715,1.3855,0,0,0,0,0,0,0,0,0,0
23 Jul 2020,1,0.8644,5.1451,74.8353,71.3738,22.4466,16.6136,1.3386,7.0064,107.1657,1.3859,0.0029,-0.0907,0.0024,-0.4679,-0.021,-0.1292,-0.0034,-0.0106,0.8942,0.0004
22 Jul 2020,1,0.8637,5.1753,74.5276,70.7884,22.3454,16.369,1.3422,6.9959,107.0478,1.3832,-0.0007,0.0302,-0.3077,-0.5854,-0.1012,-0.2446,0.0036,-0.0105,-0.1179,-0.0027
21 Jul 2020,1,0.8739,5.2797,74.6137,70.8584,22.3639,16.4997,1.3457,6.9896,107.2271,1.3887,0.0102,0.1044,0.0861,0.07,0.0185,0.1307,0.0035,-0.0063,0.1793,0.0055
20 Jul 2020,1,0.8735,5.3704,74.8039,71.519,22.5556,16.7199,1.3567,6.9874,107.1191,1.3897,-0.0004,0.0907,0.1902,0.6606,0.1917,0.2202,0.011,-0.0022,-0.108,0.001
19 Jul 2020,1,0.875,5.3237,74.965,71.6144,22.4127,16.6692,1.3572,6.9982,107.2191,1.3902,0.0015,-0.0467,0.1611,0.0954,-0.1429,-0.0507,0.0005,0.0108,0.1,0.0005
18 Jul 2020,1,0.875,5.3237,74.965,71.6144,22.4127,16.6692,1.3572,6.9982,107.2191,1.3902,0,0,0,0,0,0,0,0,0,0
17 Jul 2020,1,0.875,5.3237,74.965,71.6144,22.4127,16.6692,1.3572,6.9982,107.2191,1.3902,0,0,0,0,0,0,0,0,0,0
16 Jul 2020,1,0.8761,5.3578,75.2195,71.1309,22.3455,16.6621,1.3538,6.9968,107.0965,1.392,0.0011,0.0341,0.2545,-0.4835,-0.0672,-0.0071,-0.0034,-0.0014,-0.1226,0.0018
15 Jul 2020,1,0.8738,5.3225,75.1232,70.8203,22.2614,16.5205,1.3568,6.9884,106.8245,1.388,-0.0023,-0.0353,-0.0963,-0.3106,-0.0841,-0.1416,0.003,-0.0084,-0.272,-0.004
14 Jul 2020,1,0.8791,5.356,75.4044,71.0655,22.6271,16.7676,1.3616,7.0158,107.4022,1.3931,0.0053,0.0335,0.2812,0.2452,0.3657,0.2471,0.0048,0.0274,0.5777,0.0051
13 Jul 2020,1,0.8827,5.3397,75.2193,70.745,22.496,16.7469,1.3563,7.0005,107.1586,1.3896,0.0036,-0.0163,-0.1851,-0.3205,-0.1311,-0.0207,-0.0053,-0.0153,-0.2436,-0.0035
12 Jul 2020,1,0.8868,5.3823,75.2403,71.1337,22.7876,16.9288,1.3601,7.0018,106.8464,1.3926,0.0041,0.0426,0.021,0.3887,0.2916,0.1819,0.0038,0.0013,-0.3122,0.003
11 Jul 2020,1,0.8868,5.3823,75.2403,71.1337,22.7876,16.9288,1.3601,7.0018,106.8464,1.3926,0,0,0,0,0,0,0,0,0,0
10 Jul 2020,1,0.8868,5.3823,75.2403,71.1337,22.7876,16.9288,1.3601,7.0018,106.8464,1.3926,0,0,0,0,0,0,0,0,0,0
09 Jul 2020,1,0.8817,5.3359,74.9828,70.5718,22.6578,16.8128,1.3502,6.9855,107.2738,1.3908,-0.0051,-0.0464,-0.2575,-0.5619,-0.1298,-0.116,-0.0099,-0.0163,0.4274,-0.0018
08 Jul 2020,1,0.8861,5.3552,75.0004,71.2904,22.7213,16.9793,1.359,7.0143,107.558,1.3951,0.0044,0.0193,0.0176,0.7186,0.0635,0.1665,0.0088,0.0288,0.2842,0.0043
07 Jul 2020,1,0.8857,5.3765,74.8136,71.6464,22.5655,17.0866,1.3567,7.0228,107.7148,1.3951,-0.0004,0.0213,-0.1868,0.356,-0.1558,0.1073,-0.0023,0.0085,0.1568,0
06 Jul 2020,1,0.883,5.2755,74.5726,71.856,22.1816,17.0208,1.3539,7.0197,107.532,1.391,-0.0027,-0.101,-0.241,0.2096,-0.3839,-0.0658,-0.0028,-0.0031,-0.1828,-0.0041
05 Jul 2020,1,0.8909,5.3561,74.6801,71.4677,22.5453,17.0849,1.3572,7.0661,107.5196,1.3947,0.0079,0.0806,0.1075,-0.3883,0.3637,0.0641,0.0033,0.0464,-0.0124,0.0037
04 Jul 2020,1,0.8909,5.3561,74.6801,71.4677,22.5453,17.0849,1.3572,7.0661,107.5196,1.3947,0,0,0,0,0,0,0,0,0,0
03 Jul 2020,1,0.8909,5.3561,74.6801,71.4677,22.5453,17.0849,1.3572,7.0661,107.5196,1.3947,0,0,0,0,0,0,0,0,0,0
02 Jul 2020,1,0.8861,5.3006,74.7422,70.3911,22.6263,16.9194,1.3595,7.0671,107.4251,1.3934,-0.0048,-0.0555,0.0621,-1.0766,0.081,-0.1655,0.0023,0.001,-0.0945,-0.0013
01 Jul 2020,1,0.8929,5.4429,75.5554,71.1422,22.9469,17.2263,1.3587,7.0671,107.4196,1.3955,0.0068,0.1423,0.8132,0.7511,0.3206,0.3069,-0.0008,0,-0.0055,0.0021
30 Jun 2020,1,0.893,5.4579,75.5702,71.1109,23.1711,17.3625,1.3685,7.0744,107.7514,1.3974,1E-04,0.015,0.0148,-0.0313,0.2242,0.1362,0.0098,0.0073,0.3318,0.0019
29 Jun 2020,1,0.8862,5.4152,75.4981,69.937,22.9732,17.2157,1.3656,7.0756,107.2935,1.3921,-0.0068,-0.0427,-0.0721,-1.1739,-0.1979,-0.1468,-0.0029,0.0012,-0.4579,-0.0053
28 Jun 2020,1,0.8918,5.404,75.6457,69.4551,22.816,17.2834,1.3661,7.072,106.9562,1.392,0.0056,-0.0112,0.1476,-0.4819,-0.1572,0.0677,0.0005,-0.0036,-0.3373,-1E-04
27 Jun 2020,1,0.8918,5.404,75.6457,69.4551,22.816,17.2834,1.3661,7.072,106.9562,1.392,0,0,0,0,0,0,0,0,0,0
26 Jun 2020,1,0.8918,5.404,75.6457,69.4551,22.816,17.2834,1.3661,7.072,106.9562,1.392,0,0,0,0,0,0,0,0,0,0
25 Jun 2020,1,0.8929,5.3582,75.6357,69.4211,22.8853,17.4003,1.3645,7.072,107.3661,1.3929,0.0011,-0.0458,-0.01,-0.034,0.0693,0.1169,-0.0016,0,0.4099,0.0009
24 Jun 2020,1,0.8865,5.1793,75.6458,69.1559,22.5863,17.3106,1.3591,7.072,106.6489,1.389,-0.0064,-0.1789,0.0101,-0.2652,-0.299,-0.0897,-0.0054,0,-0.7172,-0.0039
23 Jun 2020,1,0.8835,5.2135,75.4886,68.6936,22.3093,17.2044,1.3491,7.0634,106.9535,1.391,-0.003,0.0342,-0.1572,-0.4623,-0.277,-0.1062,-0.01,-0.0086,0.3046,0.002
22 Jun 2020,1,0.8918,5.2839,76.0354,69.455,22.5018,17.3974,1.3565,7.0764,106.9205,1.3947,0.0083,0.0704,0.5468,0.7614,0.1925,0.193,0.0074,0.013,-0.033,0.0037
21 Jun 2020,1,0.8921,5.355,76.1392,69.2743,22.5804,17.3452,1.3567,7.0769,106.8421,1.3937,0.0003,0.0711,0.1038,-0.1807,0.0786,-0.0522,0.0002,0.0005,-0.0784,-0.001
20 Jun 2020,1,0.8921,5.355,76.1392,69.2743,22.5804,17.3452,1.3567,7.0769,106.8421,1.3937,0,0,0,0,0,0,0,0,0,0
19 Jun 2020,1,0.8921,5.355,76.1392,69.2743,22.5804,17.3452,1.3567,7.0769,106.8421,1.3937,0,0,0,0,0,0,0,0,0,0
18 Jun 2020,1,0.8911,5.3233,76.3438,69.6902,22.5119,17.4063,1.3561,7.0883,106.9328,1.3939,-0.001,-0.0317,0.2046,0.4159,-0.0685,0.0611,-0.0006,0.0114,0.0907,0.0002
17 Jun 2020,1,0.8903,5.2102,76.1668,69.6094,22.2058,17.1197,1.3536,7.0871,107.4163,1.3933,-0.0008,-0.1131,-0.177,-0.0808,-0.3061,-0.2866,-0.0025,-0.0012,0.4835,-0.0006
16 Jun 2020,1,0.8843,5.0979,76.0948,69.3659,22.08,17.0249,1.3548,7.0783,107.3488,1.3895,-0.006,-0.1123,-0.072,-0.2435,-0.1258,-0.0948,0.0012,-0.0088,-0.0675,-0.0038
15 Jun 2020,1,0.8887,5.1585,76.0042,70.0716,22.5805,17.1705,1.3634,7.095,107.3758,1.3945,0.0044,0.0606,-0.0906,0.7057,0.5005,0.1456,0.0086,0.0167,0.027,0.005
14 Jun 2020,1,0.8846,5.0768,75.8913,69.6799,22.5097,17.0554,1.3577,7.0763,107.2718,1.3905,-0.0041,-0.0817,-0.1129,-0.3917,-0.0708,-0.1151,-0.0057,-0.0187,-0.104,-0.004
13 Jun 2020,1,0.8846,5.0768,75.8913,69.6799,22.5097,17.0554,1.3577,7.0763,107.2718,1.3905,0,0,0,0,0,0,0,0,0,0
12 Jun 2020,1,0.8846,5.0768,75.8913,69.6799,22.5097,17.0554,1.3577,7.0763,107.2718,1.3905,0,0,0,0,0,0,0,0,0,0
11 Jun 2020,1,0.8812,4.9763,75.8345,69.1707,22.3989,16.8639,1.3501,7.0717,107.0849,1.3886,-0.0034,-0.1005,-0.0568,-0.5092,-0.1108,-0.1915,-0.0076,-0.0046,-0.1869,-0.0019
10 Jun 2020,1,0.8791,4.8539,75.5191,68.7005,21.8246,16.5605,1.3387,7.0598,107.3934,1.3843,-0.0021,-0.1224,-0.3154,-0.4702,-0.5743,-0.3034,-0.0114,-0.0119,0.3085,-0.0043
09 Jun 2020,1,0.8854,4.8649,75.5344,68.8319,21.7608,16.7288,1.3447,7.0856,108.1459,1.3908,0.0063,0.011,0.0153,0.1314,-0.0638,0.1683,0.006,0.0258,0.7525,0.0065
08 Jun 2020,1,0.8861,4.9359,75.5348,68.2821,21.5525,16.8187,1.3404,7.0745,109.3576,1.3912,0.0007,0.071,0.0004,-0.5498,-0.2083,0.0899,-0.0043,-0.0111,1.2117,0.0004
07 Jun 2020,1,0.8826,5.0599,75.5781,68.6809,21.7534,16.8423,1.3448,7.0917,109.241,1.3923,-0.0035,0.124,0.0433,0.3988,0.2009,0.0236,0.0044,0.0172,-0.1166,0.0011
06 Jun 2020,1,0.8826,5.0599,75.5781,68.6809,21.7534,16.8423,1.3448,7.0917,109.241,1.3923,0,0,0,0,0,0,0,0,0,0
05 Jun 2020,1,0.8826,5.0599,75.5781,68.6809,21.7534,16.8423,1.3448,7.0917,109.241,1.3923,0,0,0,0,0,0,0,0,0,0
04 Jun 2020,1,0.8889,5.0657,75.4951,69.1673,21.7565,16.8941,1.3514,7.117,108.8711,1.4007,0.0063,0.0058,-0.083,0.4864,0.0031,0.0518,0.0066,0.0253,-0.3699,0.0084
03 Jun 2020,1,0.8933,5.1807,75.4918,68.7918,21.6877,17.0488,1.3555,7.1109,108.576,1.3986,0.0044,0.115,-0.0033,-0.3755,-0.0688,0.1547,0.0041,-0.0061,-0.2951,-0.0021
02 Jun 2020,1,0.8949,5.3248,75.2094,68.7311,21.8765,17.2503,1.3519,7.1069,108.135,1.4022,0.0016,0.1441,-0.2824,-0.0607,0.1888,0.2015,-0.0036,-0.004,-0.441,0.0036
01 Jun 2020,1,0.8996,5.3325,75.511,69.6634,21.9971,17.4517,1.3699,7.1363,107.7276,1.4096,0.0047,0.0077,0.3016,0.9323,0.1206,0.2014,0.018,0.0294,-0.4074,0.0074
31 May 2020,1,0.898,5.3569,75.5231,70.4397,22.0636,17.4424,1.3721,7.1351,107.121,1.4109,-0.0016,0.0244,0.0121,0.7763,0.0665,-0.0093,0.0022,-0.0012,-0.6066,0.0013
30 May 2020,1,0.898,5.3569,75.5231,70.4397,22.0636,17.4424,1.3721,7.1351,107.121,1.4109,0,0,0,0,0,0,0,0,0,0
29 May 2020,1,0.898,5.3569,75.5231,70.4397,22.0636,17.4424,1.3721,7.1351,107.121,1.4109,0,0,0,0,0,0,0,0,0,0
28 May 2020,1,0.9078,5.31,75.7657,70.7465,22.293,17.4275,1.3757,7.1536,107.7342,1.418,0.0098,-0.0469,0.2426,0.3068,0.2294,-0.0149,0.0036,0.0185,0.6132,0.0071
27 May 2020,1,0.9098,5.3388,75.7392,71.0669,22.327,17.4213,1.3762,7.1588,107.8883,1.4183,0.002,0.0288,-0.0265,0.3204,0.034,-0.0062,0.0005,0.0052,0.1541,0.0003
26 May 2020,1,0.9112,5.3862,75.5599,70.8423,22.1505,17.3713,1.3835,7.1316,107.4442,1.4178,0.0014,0.0474,-0.1793,-0.2246,-0.1765,-0.05,0.0073,-0.0272,-0.4441,-0.0005
25 May 2020,1,0.9166,5.5218,75.8868,71.7575,22.6721,17.6725,1.3988,7.1362,107.6719,1.4248,0.0054,0.1356,0.3269,0.9152,0.5216,0.3012,0.0153,0.0046,0.2277,0.007
24 May 2020,1,0.9171,5.5812,75.868,71.4544,22.9686,17.6519,1.4007,7.1347,107.5385,1.4234,0.0005,0.0594,-0.0188,-0.3031,0.2965,-0.0206,0.0019,-0.0015,-0.1334,-0.0014
23 May 2020,1,0.9171,5.5812,75.868,71.4544,22.9686,17.6519,1.4007,7.1347,107.5385,1.4234,0,0,0,0,0,0,0,0,0,0
22 May 2020,1,0.9171,5.5812,75.868,71.4544,22.9686,17.6519,1.4007,7.1347,107.5385,1.4234,0,0,0,0,0,0,0,0,0,0
21 May 2020,1,0.9091,5.6847,75.5041,70.8985,23.1857,17.8706,1.3918,7.1048,107.6545,1.4146,-0.008,0.1035,-0.3639,-0.5559,0.2171,0.2187,-0.0089,-0.0299,0.116,-0.0088
20 May 2020,1,0.9126,5.7178,75.6192,71.7285,23.4007,18.0236,1.3881,7.1004,107.6383,1.4148,0.0035,0.0331,0.1151,0.83,0.215,0.153,-0.0037,-0.0044,-0.0162,0.0002
19 May 2020,1,0.9132,5.6947,75.6653,72.4967,23.6134,18.2328,1.3928,7.1065,107.7626,1.4167,0.0006,-0.0231,0.0461,0.7682,0.2127,0.2092,0.0047,0.0061,0.1243,0.0019
18 May 2020,1,0.9232,5.7885,75.8341,72.8471,23.6648,18.3635,1.4034,7.1148,107.3763,1.4241,0.01,0.0938,0.1688,0.3504,0.0514,0.1307,0.0106,0.0083,-0.3863,0.0074
17 May 2020,1,0.9261,5.8503,75.9293,73.7366,23.9828,18.5924,1.4105,7.1086,106.992,1.4259,0.0029,0.0618,0.0952,0.8895,0.318,0.2289,0.0071,-0.0062,-0.3843,0.0018
16 May 2020,1,0.9261,5.8503,75.9293,73.7366,23.9828,18.5924,1.4105,7.1086,106.992,1.4259,0,0,0,0,0,0,0,0,0,0
15 May 2020,1,0.9261,5.8503,75.9293,73.7366,23.9828,18.5924,1.4105,7.1086,106.992,1.4259,0,0,0,0,0,0,0,0,0,0
14 May 2020,1,0.9266,5.9234,75.6042,74.1424,24.3208,18.6839,1.4107,7.1029,107.0052,1.4246,0.0005,0.0731,-0.3251,0.4058,0.338,0.0915,0.0002,-0.0057,0.0132,-0.0013
13 May 2020,1,0.9195,5.8488,75.2943,73.1856,24.1199,18.3163,1.4017,7.0898,106.9241,1.4143,-0.0071,-0.0746,-0.3099,-0.9568,-0.2009,-0.3676,-0.009,-0.0131,-0.0811,-0.0103
12 May 2020,1,0.921,5.7753,75.1455,73.1403,23.7844,18.1785,1.3979,7.0854,107.3494,1.4143,0.0015,-0.0735,-0.1488,-0.0453,-0.3355,-0.1378,-0.0038,-0.0044,0.4253,0
11 May 2020,1,0.9239,5.7919,75.8463,73.6309,23.9469,18.4405,1.3984,7.0938,107.3171,1.4168,0.0029,0.0166,0.7008,0.4906,0.1625,0.262,0.0005,0.0084,-0.0323,0.0025
10 May 2020,1,0.9223,5.817,75.5893,73.6312,23.8885,18.4423,1.3943,7.0754,106.3728,1.4134,-0.0016,0.0251,-0.257,0.0003,-0.0584,0.0018,-0.0041,-0.0184,-0.9443,-0.0034
09 May 2020,1,0.9223,5.817,75.5893,73.6312,23.8885,18.4423,1.3943,7.0754,106.3728,1.4134,0,0,0,0,0,0,0,0,0,0
08 May 2020,1,0.9223,5.817,75.5893,73.6312,23.8885,18.4423,1.3943,7.0754,106.3728,1.4134,0,0,0,0,0,0,0,0,0,0
07 May 2020,1,0.9274,5.7749,75.8309,73.8014,24.1748,18.6124,1.4075,7.0877,106.5659,1.4192,0.0051,-0.0421,0.2416,0.1702,0.2863,0.1701,0.0132,0.0123,0.1931,0.0058
06 May 2020,1,0.9253,5.6349,75.8596,74.7468,24.1034,18.5623,1.4088,7.0979,106.0886,1.419,-0.0021,-0.14,0.0287,0.9454,-0.0714,-0.0501,0.0013,0.0102,-0.4773,-0.0002
05 May 2020,1,0.9223,5.4944,75.7572,74.215,23.8725,18.3545,1.4019,7.0622,106.714,1.4165,-0.003,-0.1405,-0.1024,-0.5318,-0.2309,-0.2078,-0.0069,-0.0357,0.6254,-0.0025
04 May 2020,1,0.9139,5.5548,75.6598,75.2517,24.5716,18.6368,1.4065,7.0622,106.7812,1.4161,-0.0084,0.0604,-0.0974,1.0367,0.6991,0.2823,0.0046,0,0.0672,-0.0004
03 May 2020,1,0.9195,5.3848,75.0375,73.4572,23.7176,18.0739,1.3863,7.049,106.5373,1.409,0.0056,-0.17,-0.6223,-1.7945,-0.854,-0.5629,-0.0202,-0.0132,-0.2439,-0.0071
02 May 2020,1,0.9195,5.3848,75.0375,73.4572,23.7176,18.0739,1.3863,7.049,106.5373,1.409,0,0,0,0,0,0,0,0,0,0
01 May 2020,1,0.9195,5.3848,75.0375,73.4572,23.7176,18.0739,1.3863,7.049,106.5373,1.409,0,0,0,0,0,0,0,0,0,0
30 Apr 2020,1,0.9195,5.3848,75.0375,73.4572,23.7176,18.0739,1.3863,7.049,106.5373,1.409,0,0,0,0,0,0,0,0,0,0
29 Apr 2020,1,0.9223,5.4711,75.6516,73.622,24.1217,18.4317,1.3954,7.0765,106.5486,1.4152,0.0028,0.0863,0.6141,0.1648,0.4041,0.3578,0.0091,0.0275,0.0113,0.0062
28 Apr 2020,1,0.9194,5.6085,75.8683,74.1806,24.3881,18.6552,1.3955,7.077,106.7022,1.4165,-0.0029,0.1374,0.2167,0.5586,0.2664,0.2235,1E-04,0.0005,0.1536,0.0013
27 Apr 2020,1,0.9215,5.5592,76.133,74.1731,24.9028,18.8084,1.4057,7.0826,107.0955,1.4183,0.0021,-0.0493,0.2647,-0.0075,0.5147,0.1532,0.0102,0.0056,0.3933,0.0018
26 Apr 2020,1,0.9259,5.5674,76.2648,74.4436,24.8455,18.9832,1.4049,7.0792,107.6111,1.4256,0.0044,0.0082,0.1318,0.2705,-0.0573,0.1748,-0.0008,-0.0034,0.5156,0.0073
25 Apr 2020,1,0.9259,5.5674,76.2648,74.4436,24.8455,18.9832,1.4049,7.0792,107.6111,1.4256,0,0,0,0,0,0,0,0,0,0
24 Apr 2020,1,0.9259,5.5674,76.2648,74.4436,24.8455,18.9832,1.4049,7.0792,107.6111,1.4256,0,0,0,0,0,0,0,0,0,0
23 Apr 2020,1,0.9283,5.4462,76.0676,74.8294,24.454,19.0709,1.4135,7.0794,107.4545,1.4232,0.0024,-0.1212,-0.1972,0.3858,-0.3915,0.0877,0.0086,0.0002,-0.1566,-0.0024
22 Apr 2020,1,0.9202,5.3249,76.5331,76.5585,24.2841,18.8104,1.4148,7.0824,107.6746,1.4271,-0.0081,-0.1213,0.4655,1.7291,-0.1699,-0.2605,0.0013,0.003,0.2201,0.0039
21 Apr 2020,1,0.9228,5.3169,76.9364,76.8604,24.357,18.9954,1.4204,7.095,107.4006,1.4312,0.0026,-0.008,0.4033,0.3019,0.0729,0.185,0.0056,0.0126,-0.274,0.0041
20 Apr 2020,1,0.9208,5.2913,76.5594,74.5606,24.0411,18.7372,1.4111,7.0736,107.8361,1.4231,-0.002,-0.0256,-0.377,-2.2998,-0.3159,-0.2582,-0.0093,-0.0214,0.4355,-0.0081
19 Apr 2020,1,0.9208,5.23,76.4793,74.0009,24.0263,18.7501,1.407,7.0738,107.6059,1.4224,0,-0.0613,-0.0801,-0.5597,-0.0148,0.0129,-0.0041,0.0002,-0.2302,-0.0007
18 Apr 2020,1,0.9208,5.23,76.4793,74.0009,24.0263,18.7501,1.407,7.0738,107.6059,1.4224,0,0,0,0,0,0,0,0,0,0
17 Apr 2020,1,0.9208,5.23,76.4793,74.0009,24.0263,18.7501,1.407,7.0738,107.6059,1.4224,0,0,0,0,0,0,0,0,0,0
16 Apr 2020,1,0.9184,5.2342,76.8782,74.0457,24.1494,18.5868,1.4106,7.0712,107.568,1.4272,-0.0024,0.0042,0.3989,0.0448,0.1231,-0.1633,0.0036,-0.0026,-0.0379,0.0048
15 Apr 2020,1,0.9172,5.2386,76.5055,74.479,23.9201,18.723,1.406,7.0621,107.42,1.4247,-0.0012,0.0044,-0.3727,0.4333,-0.2293,0.1362,-0.0046,-0.0091,-0.148,-0.0025
14 Apr 2020,1,0.9122,5.1615,76.1598,73.3306,23.5779,18.2664,1.3917,7.057,107.3246,1.4158,-0.005,-0.0771,-0.3457,-1.1484,-0.3422,-0.4566,-0.0143,-0.0051,-0.0954,-0.0089
13 Apr 2020,1,0.9202,5.1492,76.3113,74.2523,23.9552,18.0715,1.4047,7.0589,108.8893,1.4244,0.008,-0.0123,0.1515,0.9217,0.3773,-0.1949,0.013,0.0019,1.5647,0.0086
12 Apr 2020,1,0.9202,5.1492,76.3113,74.2523,23.9552,18.0715,1.4047,7.0589,108.8893,1.4244,0,0,0,0,0,0,0,0,0,0
11 Apr 2020,1,0.9202,5.1492,76.3113,74.2523,23.9552,18.0715,1.4047,7.0589,108.8893,1.4244,0,0,0,0,0,0,0,0,0,0
10 Apr 2020,1,0.9202,5.1492,76.3113,74.2523,23.9552,18.0715,1.4047,7.0589,108.8893,1.4244,0,0,0,0,0,0,0,0,0,0
09 Apr 2020,1,0.9202,5.1492,76.3113,74.2523,23.9552,18.0715,1.4047,7.0589,108.8893,1.4244,0,0,0,0,0,0,0,0,0,0
08 Apr 2020,1,0.9199,5.2195,76.2331,75.5263,24.2266,18.179,1.4013,7.0663,108.8768,1.4274,-0.0003,0.0703,-0.0782,1.274,0.2714,0.1075,-0.0034,0.0074,-0.0125,0.003
07 Apr 2020,1,0.9187,5.207,75.5645,75.8544,24.2688,18.359,1.4018,7.0558,108.9113,1.4241,-0.0012,-0.0125,-0.6686,0.3281,0.0422,0.18,0.0005,-0.0105,0.0345,-0.0033
06 Apr 2020,1,0.9267,5.2874,76.0875,76.435,25.1039,18.8615,1.416,7.091,108.9241,1.4345,0.008,0.0804,0.523,0.5806,0.8351,0.5025,0.0142,0.0352,0.0128,0.0104
05 Apr 2020,1,0.9272,5.2752,76.2318,76.7803,24.6147,18.7892,1.4185,7.091,108.5767,1.4362,0.0005,-0.0122,0.1443,0.3453,-0.4892,-0.0723,0.0025,0,-0.3474,0.0017
04 Apr 2020,1,0.9272,5.2752,76.2318,76.7803,24.6147,18.7892,1.4185,7.091,108.5767,1.4362,0,0,0,0,0,0,0,0,0,0
03 Apr 2020,1,0.9272,5.2752,76.2318,76.7803,24.6147,18.7892,1.4185,7.091,108.5767,1.4362,0,0,0,0,0,0,0,0,0,0
02 Apr 2020,1,0.9169,5.2286,76.4038,78.7094,24.2985,18.5008,1.4167,7.0958,107.3354,1.432,-0.0103,-0.0466,0.172,1.9291,-0.3162,-0.2884,-0.0018,0.0048,-1.2413,-0.0042
01 Apr 2020,1,0.9144,5.2441,76.4451,79.0737,24.1493,17.9791,1.4266,7.1007,107.489,1.4346,-0.0025,0.0155,0.0413,0.3643,-0.1492,-0.5217,0.0099,0.0049,0.1536,0.0026
31 Mar 2020,1,0.9127,5.2027,75.6649,78.4489,23.893,17.8984,1.4254,7.0997,108.525,1.4269,-0.0017,-0.0414,-0.7802,-0.6248,-0.2563,-0.0807,-0.0012,-0.001,1.036,-0.0077
30 Mar 2020,1,0.9063,5.1215,75.6752,79.879,23.7865,17.8798,1.4162,7.0996,108.1566,1.4258,-0.0064,-0.0812,0.0103,1.4301,-0.1065,-0.0186,-0.0092,-0.0001,-0.3684,-0.0011
29 Mar 2020,1,0.911,5.0929,75.4938,78.6935,23.5337,17.62,1.414,7.0961,108.7364,1.4359,0.0047,-0.0286,-0.1814,-1.1855,-0.2528,-0.2598,-0.0022,-0.0035,0.5798,0.0101
28 Mar 2020,1,0.911,5.0929,75.4938,78.6935,23.5337,17.62,1.414,7.0961,108.7364,1.4359,0,0,0,0,0,0,0,0,0,0
27 Mar 2020,1,0.911,5.0929,75.4938,78.6935,23.5337,17.62,1.414,7.0961,108.7364,1.4359,0,0,0,0,0,0,0,0,0,0
26 Mar 2020,1,0.9107,4.991,75.1612,77.6887,23.7442,17.4378,1.4084,7.0736,109.4436,1.4351,-0.0003,-0.1019,-0.3326,-1.0048,0.2105,-0.1822,-0.0056,-0.0225,0.7072,-0.0008
25 Mar 2020,1,0.9236,5.0741,76.3822,78.3241,24.5409,17.4081,1.4352,7.0974,111.4528,1.4456,0.0129,0.0831,1.221,0.6354,0.7967,-0.0297,0.0268,0.0238,2.0092,0.0105
24 Mar 2020,1,0.9223,5.0831,75.955,78.5356,24.8365,17.5924,1.4494,7.0598,110.6613,1.4472,-0.0013,0.009,-0.4272,0.2115,0.2956,0.1843,0.0142,-0.0376,-0.7915,0.0016
23 Mar 2020,1,0.9274,5.0683,76.162,79.8294,24.6805,17.6333,1.4384,7.0838,110.4609,1.4602,0.0051,-0.0148,0.207,1.2938,-0.156,0.0409,-0.011,0.024,-0.2004,0.013
22 Mar 2020,1,0.934,5.0375,75.1518,79.4843,23.9903,17.2903,1.425,7.0906,110.5538,1.4491,0.0066,-0.0308,-1.0102,-0.3451,-0.6902,-0.343,-0.0134,0.0068,0.0929,-0.0111
21 Mar 2020,1,0.934,5.0375,75.1518,79.4843,23.9903,17.2903,1.425,7.0906,110.5538,1.4491,0,0,0,0,0,0,0,0,0,0
20 Mar 2020,1,0.934,5.0375,75.1518,79.4843,23.9903,17.2903,1.425,7.0906,110.5538,1.4491,0,0,0,0,0,0,0,0,0,0
19 Mar 2020,1,0.9258,5.1881,75.1227,80.4875,24.3454,17.2947,1.4464,7.115,109.8324,1.4483,-0.0082,0.1506,-0.0291,1.0032,0.3551,0.0044,0.0214,0.0244,-0.7214,-0.0008
18 Mar 2020,1,0.9146,5.1338,74.2048,79.656,23.9632,16.9768,1.4404,7.0354,107.719,1.4414,-0.0112,-0.0543,-0.9179,-0.8315,-0.3822,-0.3179,-0.006,-0.0796,-2.1134,-0.0069
17 Mar 2020,1,0.9106,5.0337,74.2734,74.9827,22.8092,16.5988,1.4125,7.0201,106.9933,1.4288,-0.004,-0.1001,0.0686,-4.6733,-1.154,-0.378,-0.0279,-0.0153,-0.7257,-0.0126
16 Mar 2020,1,0.8963,4.9638,74.2202,74.922,22.8088,16.6355,1.3928,7.0226,105.5481,1.4222,-0.0143,-0.0699,-0.0532,-0.0607,-0.0004,0.0367,-0.0197,0.0025,-1.4452,-0.0066
15 Mar 2020,1,0.9006,4.6868,73.736,72.7112,21.4189,16.1415,1.3859,6.9873,107.2677,1.4125,0.0043,-0.277,-0.4842,-2.2108,-1.3899,-0.494,-0.0069,-0.0353,1.7196,-0.0097
14 Mar 2020,1,0.9006,4.6868,73.736,72.7112,21.4189,16.1415,1.3859,6.9873,107.2677,1.4125,0,0,0,0,0,0,0,0,0,0
13 Mar 2020,1,0.9006,4.6868,73.736,72.7112,21.4189,16.1415,1.3859,6.9873,107.2677,1.4125,0,0,0,0,0,0,0,0,0,0
12 Mar 2020,1,0.8897,4.9004,74.2598,74.7584,22.0665,16.4099,1.3811,7.0175,103.9502,1.4038,-0.0109,0.2136,0.5238,2.0472,0.6476,0.2684,-0.0048,0.0302,-3.3175,-0.0087
11 Mar 2020,1,0.8821,4.6643,73.6781,71.7877,21.0855,16.0639,1.3743,6.9514,104.5783,1.3886,-0.0076,-0.2361,-0.5817,-2.9707,-0.981,-0.346,-0.0068,-0.0661,0.6281,-0.0152
10 Mar 2020,1,0.878,4.6745,73.8455,71.6396,20.9604,15.9435,1.3678,6.957,104.1703,1.3887,-0.0041,0.0102,0.1674,-0.1481,-0.1251,-0.1204,-0.0065,0.0056,-0.408,1E-04
09 Mar 2020,1,0.8729,4.7502,74.162,74.3325,21.235,15.9653,1.3629,6.9483,102.2346,1.3828,-0.0051,0.0757,0.3165,2.6929,0.2746,0.0218,-0.0049,-0.0087,-1.9357,-0.0059
08 Mar 2020,1,0.8821,4.6531,73.735,68.3714,20.2856,15.7475,1.342,6.9258,105.0459,1.3788,0.0092,-0.0971,-0.427,-5.9611,-0.9494,-0.2178,-0.0209,-0.0225,2.8113,-0.004
07 Mar 2020,1,0.8821,4.6531,73.735,68.3714,20.2856,15.7475,1.342,6.9258,105.0459,1.3788,0,0,0,0,0,0,0,0,0,0
06 Mar 2020,1,0.8821,4.6531,73.735,68.3714,20.2856,15.7475,1.342,6.9258,105.0459,1.3788,0,0,0,0,0,0,0,0,0,0
05 Mar 2020,1,0.8939,4.6018,73.4361,66.4226,19.7316,15.4417,1.3427,6.9347,106.9366,1.3851,0.0118,-0.0513,-0.2989,-1.9488,-0.554,-0.3058,0.0007,0.0089,1.8907,0.0063
04 Mar 2020,1,0.8989,4.5075,73.2607,65.8139,19.2454,15.2615,1.3359,6.9226,107.4876,1.3843,0.005,-0.0943,-0.1754,-0.6087,-0.4862,-0.1802,-0.0068,-0.0121,0.551,-0.0008
03 Mar 2020,1,0.8995,4.5005,73.2473,66.5692,19.4836,15.5838,1.3364,6.9778,107.7359,1.3924,0.0006,-0.007,-0.0134,0.7553,0.2382,0.3223,0.0005,0.0552,0.2483,0.0081
02 Mar 2020,1,0.8991,4.49,72.754,67.0383,19.7773,15.6628,1.3358,6.9654,107.7324,1.389,-0.0004,-0.0105,-0.4933,0.4691,0.2937,0.079,-0.0006,-0.0124,-0.0035,-0.0034
01 Mar 2020,1,0.911,4.485,72.2283,67.058,19.7112,15.5745,1.3444,6.9839,108.7364,1.3954,0.0119,-0.005,-0.5257,0.0197,-0.0661,-0.0883,0.0086,0.0185,1.004,0.0064
29 Feb 2020,1,0.911,4.485,72.2283,67.058,19.7112,15.5745,1.3444,6.9839,108.7364,1.3954,0,0,0,0,0,0,0,0,0,0
28 Feb 2020,1,0.911,4.485,72.2283,67.058,19.7112,15.5745,1.3444,6.9839,108.7364,1.3954,0,0,0,0,0,0,0,0,0,0
27 Feb 2020,1,0.9121,4.4669,71.6326,65.7654,19.3908,15.3612,1.3349,7.0059,109.8687,1.3949,0.0011,-0.0181,-0.5957,-1.2926,-0.3204,-0.2133,-0.0095,0.022,1.1323,-0.0005
26 Feb 2020,1,0.9195,4.39,71.6501,65.5051,19.132,15.1315,1.3305,7.0188,110.4644,1.3981,0.0074,-0.0769,0.0175,-0.2603,-0.2588,-0.2297,-0.0044,0.0129,0.5957,0.0032
25 Feb 2020,1,0.9225,4.3883,71.7011,65.3084,19.0208,15.189,1.3287,7.0152,110.6273,1.3991,0.003,-0.0017,0.051,-0.1967,-0.1112,0.0575,-0.0018,-0.0036,0.1629,0.001
24 Feb 2020,1,0.9244,4.3884,71.9417,65.324,19.1564,15.1222,1.3285,7.0348,111.4069,1.4017,0.0019,1E-04,0.2406,0.0156,0.1356,-0.0668,-0.0002,0.0196,0.7796,0.0026
23 Feb 2020,1,0.9258,4.4024,71.9878,64.3903,18.9967,15.088,1.3258,7.0313,111.9896,1.4009,0.0014,0.014,0.0461,-0.9337,-0.1597,-0.0342,-0.0027,-0.0035,0.5827,-0.0008
22 Feb 2020,1,0.9258,4.4024,71.9878,64.3903,18.9967,15.088,1.3258,7.0313,111.9896,1.4009,0,0,0,0,0,0,0,0,0,0
21 Feb 2020,1,0.9258,4.4024,71.9878,64.3903,18.9967,15.088,1.3258,7.0313,111.9896,1.4009,0,0,0,0,0,0,0,0,0,0
20 Feb 2020,1,0.9268,4.3875,71.6168,63.7683,18.6918,15.1034,1.3257,7.0238,112.0111,1.4005,0.001,-0.0149,-0.371,-0.622,-0.3049,0.0154,-1E-04,-0.0075,0.0215,-0.0004
19 Feb 2020,1,0.9259,4.3689,71.5134,63.5412,18.5824,14.9468,1.3223,6.9943,110.5093,1.3919,-0.0009,-0.0186,-0.1034,-0.2271,-0.1094,-0.1566,-0.0034,-0.0295,-1.5018,-0.0086
18 Feb 2020,1,0.9246,4.3462,71.5514,63.7653,18.6387,15.051,1.3263,7.0018,109.7448,1.3922,-0.0013,-0.0227,0.038,0.2241,0.0563,0.1042,0.004,0.0075,-0.7645,0.0003
17 Feb 2020,1,0.9229,4.3137,71.3816,63.4568,18.5734,14.9603,1.3229,6.9815,109.8754,1.3887,-0.0017,-0.0325,-0.1698,-0.3085,-0.0653,-0.0907,-0.0034,-0.0203,0.1306,-0.0035
16 Feb 2020,1,0.9223,4.3283,71.4499,63.5599,18.5949,14.8625,1.3248,6.9874,109.8598,1.3918,-0.0006,0.0146,0.0683,0.1031,0.0215,-0.0978,0.0019,0.0059,-0.0156,0.0031
15 Feb 2020,1,0.9223,4.3283,71.4499,63.5599,18.5949,14.8625,1.3248,6.9874,109.8598,1.3918,0,0,0,0,0,0,0,0,0,0
14 Feb 2020,1,0.9223,4.3283,71.4499,63.5599,18.5949,14.8625,1.3248,6.9874,109.8598,1.3918,0,0,0,0,0,0,0,0,0,0
13 Feb 2020,1,0.9202,4.3418,71.2704,63.5142,18.6262,14.8443,1.3257,6.9835,109.6991,1.3892,-0.0021,0.0135,-0.1795,-0.0457,0.0313,-0.0182,0.0009,-0.0039,-0.1607,-0.0026
12 Feb 2020,1,0.9163,4.3326,71.3162,62.9952,18.6251,14.7761,1.3256,6.9702,109.978,1.3856,-0.0039,-0.0092,0.0458,-0.519,-0.0011,-0.0682,-0.0001,-0.0133,0.2789,-0.0036
11 Feb 2020,1,0.9173,4.3111,71.2728,63.5903,18.6738,14.8914,1.3297,6.9741,109.834,1.3877,0.001,-0.0215,-0.0434,0.5951,0.0487,0.1153,0.0041,0.0039,-0.144,0.0021
10 Feb 2020,1,0.9132,4.311,71.3241,64.0234,18.7623,15.0476,1.3314,6.983,109.7434,1.3888,-0.0041,-1E-04,0.0513,0.4331,0.0885,0.1562,0.0017,0.0089,-0.0906,0.0011
09 Feb 2020,1,0.9117,4.2919,71.44,63.8347,18.7147,14.9698,1.3314,6.9934,109.8642,1.3907,-0.0015,-0.0191,0.1159,-0.1887,-0.0476,-0.0778,0,0.0104,0.1208,0.0019
08 Feb 2020,1,0.9117,4.2919,71.44,63.8347,18.7147,14.9698,1.3314,6.9934,109.8642,1.3907,0,0,0,0,0,0,0,0,0,0
07 Feb 2020,1,0.9117,4.2919,71.44,63.8347,18.7147,14.9698,1.3314,6.9934,109.8642,1.3907,0,0,0,0,0,0,0,0,0,0
06 Feb 2020,1,0.9088,4.2309,71.1483,63.126,18.6178,14.8167,1.3278,6.9686,109.8519,1.3844,-0.0029,-0.061,-0.2917,-0.7087,-0.0969,-0.1531,-0.0036,-0.0248,-0.0123,-0.0063
05 Feb 2020,1,0.9072,4.2288,71.154,62.6254,18.5905,14.7189,1.3285,6.9725,109.716,1.3791,-0.0016,-0.0021,0.0057,-0.5006,-0.0273,-0.0978,0.0007,0.0039,-0.1359,-0.0053
04 Feb 2020,1,0.9051,4.2274,71.2455,63.2445,18.7113,14.7775,1.3279,6.9966,109.0876,1.3703,-0.0021,-0.0014,0.0915,0.6191,0.1208,0.0586,-0.0006,0.0241,-0.6284,-0.0088
03 Feb 2020,1,0.9037,4.2626,71.393,63.7979,18.8129,14.893,1.3236,7.0198,108.5306,1.368,-0.0014,0.0352,0.1475,0.5534,0.1016,0.1155,-0.0043,0.0232,-0.557,-0.0023
02 Feb 2020,1,0.9048,4.2668,71.3948,63.6423,18.8241,14.9204,1.3235,6.9367,108.8943,1.3655,0.0011,0.0042,0.0018,-0.1556,0.0112,0.0274,-0.0001,-0.0831,0.3637,-0.0025
01 Feb 2020,1,0.9048,4.2668,71.3948,63.6423,18.8241,14.9204,1.3235,6.9367,108.8943,1.3655,0,0,0,0,0,0,0,0,0,0
31 Jan 2020,1,0.9048,4.2668,71.3948,63.6423,18.8241,14.9204,1.3235,6.9367,108.8943,1.3655,0,0,0,0,0,0,0,0,0,0
30 Jan 2020,1,0.9067,4.2466,71.6393,63.1715,18.7673,14.7496,1.3217,6.9366,108.8313,1.3628,0.0019,-0.0202,0.2445,-0.4708,-0.0568,-0.1708,-0.0018,-1E-04,-0.063,-0.0027
29 Jan 2020,1,0.909,4.1895,71.2817,62.6993,18.7355,14.6095,1.3177,6.9366,109.1355,1.3609,0.0023,-0.0571,-0.3576,-0.4722,-0.0318,-0.1401,-0.004,0,0.3042,-0.0019
28 Jan 2020,1,0.9087,4.1977,71.2899,62.6108,18.8383,14.6523,1.319,6.9367,109.0595,1.3584,-0.0003,0.0082,0.0082,-0.0885,0.1028,0.0428,0.0013,1E-04,-0.076,-0.0025
27 Jan 2020,1,0.907,4.2147,71.4218,62.6251,18.9311,14.5516,1.3187,6.9367,108.9433,1.3574,-0.0017,0.017,0.1319,0.0143,0.0928,-0.1007,-0.0003,0,-0.1162,-0.001
26 Jan 2020,1,0.9062,4.1762,71.2913,61.7754,18.7739,14.3711,1.3132,6.9333,109.6149,1.3512,-0.0008,-0.0385,-0.1305,-0.8497,-0.1572,-0.1805,-0.0055,-0.0034,0.6716,-0.0062
25 Jan 2020,1,0.9062,4.1762,71.2913,61.7754,18.7739,14.3711,1.3132,6.9333,109.6149,1.3512,0,0,0,0,0,0,0,0,0,0
24 Jan 2020,1,0.9062,4.1762,71.2913,61.7754,18.7739,14.3711,1.3132,6.9333,109.6149,1.3512,0,0,0,0,0,0,0,0,0,0
23 Jan 2020,1,0.9016,4.1703,71.3159,61.8791,18.7113,14.3813,1.3163,6.9333,109.5483,1.3498,-0.0046,-0.0059,0.0246,0.1037,-0.0626,0.0102,0.0031,0,-0.0666,-0.0014
22 Jan 2020,1,0.9019,4.1925,71.1278,61.9529,18.7064,14.4075,1.3046,6.9021,109.9657,1.3487,0.0003,0.0222,-0.1881,0.0738,-0.0049,0.0262,-0.0117,-0.0312,0.4174,-0.0011
21 Jan 2020,1,0.8997,4.198,71.1961,61.8354,18.7309,14.4758,1.3056,6.9035,110.0405,1.349,-0.0022,0.0055,0.0683,-0.1175,0.0245,0.0683,0.001,0.0014,0.0748,0.0003
20 Jan 2020,1,0.9021,4.1822,71.0726,61.5313,18.6685,14.5282,1.3069,6.8662,110.1849,1.348,0.0024,-0.0158,-0.1235,-0.3041,-0.0624,0.0524,0.0013,-0.0373,0.1444,-0.001
19 Jan 2020,1,0.9003,4.1763,71.0809,61.4418,18.7557,14.4564,1.3052,6.8587,110.1098,1.3468,-0.0018,-0.0059,0.0083,-0.0895,0.0872,-0.0718,-0.0017,-0.0075,-0.0751,-0.0012
18 Jan 2020,1,0.9003,4.1763,71.0809,61.4418,18.7557,14.4564,1.3052,6.8587,110.1098,1.3468,0,0,0,0,0,0,0,0,0,0
17 Jan 2020,1,0.9003,4.1763,71.0809,61.4418,18.7557,14.4564,1.3052,6.8587,110.1098,1.3468,0,0,0,0,0,0,0,0,0,0
16 Jan 2020,1,0.8953,4.165,70.9294,61.6082,18.7932,14.4354,1.3035,6.8795,109.9472,1.3452,-0.005,-0.0113,-0.1515,0.1664,0.0375,-0.021,-0.0017,0.0208,-0.1626,-0.0016
15 Jan 2020,1,0.8975,4.1599,70.7974,61.424,18.8065,14.3796,1.3072,6.888,109.8815,1.3472,0.0022,-0.0051,-0.132,-0.1842,0.0133,-0.0558,0.0037,0.0085,-0.0657,0.002
14 Jan 2020,1,0.8997,4.1436,70.8309,61.3961,18.8399,14.4196,1.3071,6.8858,110.0495,1.3478,0.0022,-0.0163,0.0335,-0.0279,0.0334,0.04,-1E-04,-0.0022,0.168,0.0006
13 Jan 2020,1,0.8988,4.1194,70.8453,61.1984,18.7924,14.3761,1.3045,6.8935,109.8778,1.3472,-0.0009,-0.0242,0.0144,-0.1977,-0.0475,-0.0435,-0.0026,0.0077,-0.1717,-0.0006
12 Jan 2020,1,0.9016,4.0743,70.9508,61.3479,18.8111,14.2531,1.3072,6.9221,109.6384,1.3497,0.0028,-0.0451,0.1055,0.1495,0.0187,-0.123,0.0027,0.0286,-0.2394,0.0025
11 Jan 2020,1,0.9016,4.0743,70.9508,61.3479,18.8111,14.2531,1.3072,6.9221,109.6384,1.3497,0,0,0,0,0,0,0,0,0,0
10 Jan 2020,1,0.9016,4.0743,70.9508,61.3479,18.8111,14.2531,1.3072,6.9221,109.6384,1.3497,0,0,0,0,0,0,0,0,0,0
09 Jan 2020,1,0.9001,4.0679,71.2529,61.2743,18.7792,14.2069,1.3056,6.9317,109.3969,1.3518,-0.0015,-0.0064,0.3021,-0.0736,-0.0319,-0.0462,-0.0016,0.0096,-0.2415,0.0021
08 Jan 2020,1,0.8997,4.0569,71.713,61.7534,18.8105,14.23,1.3018,6.9441,108.7359,1.3508,-0.0004,-0.011,0.4601,0.4791,0.0313,0.0231,-0.0038,0.0124,-0.661,-0.001
07 Jan 2020,1,0.8951,4.0839,71.8448,61.9921,18.8733,14.2968,1.2997,6.9425,108.4407,1.3499,-0.0046,0.027,0.1318,0.2387,0.0628,0.0668,-0.0021,-0.0016,-0.2952,-0.0009
06 Jan 2020,1,0.8933,4.0612,71.9292,62.0017,18.8867,14.2456,1.2976,6.9724,108.1115,1.3498,-0.0018,-0.0227,0.0844,0.0096,0.0134,-0.0512,-0.0021,0.0299,-0.3292,-1E-04
05 Jan 2020,1,0.8971,4.0613,71.7758,62.0068,18.9677,14.2838,1.2982,6.9716,108.1367,1.3499,0.0038,1E-04,-0.1534,0.0051,0.081,0.0382,0.0006,-0.0008,0.0252,1E-04
04 Jan 2020,1,0.8971,4.0613,71.7758,62.0068,18.9677,14.2838,1.2982,6.9716,108.1367,1.3499,0,0,0,0,0,0,0,0,0,0
03 Jan 2020,1,0.8971,4.0613,71.7758,62.0068,18.9677,14.2838,1.2982,6.9716,108.1367,1.3499,0,0,0,0,0,0,0,0,0,0
02 Jan 2020,1,0.8934,4.0088,71.3897,61.8148,18.8853,14.0709,1.2998,6.9638,108.7733,1.3476,-0.0037,-0.0525,-0.3861,-0.192,-0.0824,-0.2129,0.0016,-0.0078,0.6366,-0.0023
01 Jan 2020,1,0.8902,4.0197,71.3788,62.2719,18.8893,14.0442,1.2994,6.9615,108.5455,1.3451,-0.0032,0.0109,-0.0109,0.4571,0.004,-0.0267,-0.0004,-0.0023,-0.2278,-0.0025
